{"cameraMode":{"drawMode":0,"name":"Shaded","section":"Shading Mode"},"sceneLighting":false,"audioPlay":false,"sceneViewState":{"m_AlwaysRefresh":false,"showFog":true,"showSkybox":true,"showFlares":true,"showImageEffects":true,"showParticleSystems":true,"showVisualEffectGraphs":true,"m_FxEnabled":true},"in2DMode":false,"pivot":{"x":561.3018798828125,"y":371.6053466796875,"z":-864.2218017578125},"rotation":{"x":-0.0032853607553988697,"y":0.11826272308826447,"z":-0.00042935748933814466,"w":-0.9930933713912964},"size":14.320950508117676,"orthographic":false}